Key,Value,Note
emailName,yosseframadaan44@gmail.com,email name that the robot will use
emailPassword,*,"email password ""it is recomended to be generated by app password"""
hidemeUsername,rpaTest253272,username of hide.me account to signup or login
hidemePassword,Rpa@test@27382731,password of hide.me account
outputFolder,C:\Users\Mohamed Ramadan\Documents\UiPath\BlankProcess2\outputs,the output folder thatt contains the process result files
screenshotsFolder,C:\Users\Mohamed Ramadan\Documents\UiPath\BlankProcess2\.screenshots,this folder contains the error screenshots
receiverEmails,yosseframadaan33@gmail.com,receiver's emails that you should send the output files to them
